epoch,time,train/loss,metrics/accuracy_top1,metrics/accuracy_top5,val/loss,lr/pg0,lr/pg1,lr/pg2
1,25.2391,1.62394,0.6657,0.93605,1.06529,0.0803053,0.000198936,0.000198936
2,49.231,1.18832,0.65213,0.93605,1.17322,0.060502,0.000395645,0.000395645
3,71.0652,1.11797,0.68992,0.93411,1.04794,0.0406954,0.000589054,0.000589054
4,89.2803,1.10927,0.69186,0.93895,1.05914,0.0208855,0.000779162,0.000779162
5,107.739,1.11885,0.68508,0.93895,1.03292,0.00107235,0.000965971,0.000965971
6,126.077,1.07959,0.71318,0.95446,0.92334,0.00095875,0.00095875,0.00095875
7,143.995,1.01494,0.71512,0.95736,0.90361,0.0009505,0.0009505,0.0009505
8,162.196,0.94205,0.78682,0.96996,0.6711,0.00094225,0.00094225,0.00094225
9,180.683,0.91515,0.76744,0.96802,0.72055,0.000934,0.000934,0.000934
10,198.969,0.84534,0.80911,0.97093,0.69817,0.00092575,0.00092575,0.00092575
11,217.174,0.81469,0.78876,0.96802,0.67669,0.0009175,0.0009175,0.0009175
12,235.611,0.78102,0.79264,0.98062,0.63332,0.00090925,0.00090925,0.00090925
13,253.94,0.7508,0.78488,0.96221,0.73486,0.000901,0.000901,0.000901
14,272.624,0.74077,0.79167,0.97674,0.69945,0.00089275,0.00089275,0.00089275
15,293.34,0.6961,0.82171,0.97965,0.58045,0.0008845,0.0008845,0.0008845
16,313.185,0.6979,0.83043,0.96802,0.60744,0.00087625,0.00087625,0.00087625
17,331.703,0.65168,0.84399,0.98062,0.52429,0.000868,0.000868,0.000868
18,350.632,0.63601,0.80233,0.97771,0.58584,0.00085975,0.00085975,0.00085975
19,369.387,0.61854,0.81977,0.98643,0.57057,0.0008515,0.0008515,0.0008515
20,388.173,0.58938,0.79651,0.98159,0.6034,0.00084325,0.00084325,0.00084325
21,406.986,0.60465,0.84399,0.98062,0.48865,0.000835,0.000835,0.000835
22,425.848,0.557,0.84012,0.98353,0.53461,0.00082675,0.00082675,0.00082675
23,444.777,0.5582,0.80233,0.97771,0.60347,0.0008185,0.0008185,0.0008185
24,463.283,0.55762,0.83527,0.97771,0.63606,0.00081025,0.00081025,0.00081025
25,481.827,0.54034,0.82752,0.98353,0.57835,0.000802,0.000802,0.000802
26,500.519,0.53025,0.8062,0.97578,0.6466,0.00079375,0.00079375,0.00079375
27,520.098,0.4911,0.83721,0.97771,0.53751,0.0007855,0.0007855,0.0007855
28,539.039,0.5115,0.85174,0.97868,0.47268,0.00077725,0.00077725,0.00077725
29,557.752,0.49969,0.82849,0.98547,0.57636,0.000769,0.000769,0.000769
30,576.796,0.46931,0.84593,0.98256,0.51722,0.00076075,0.00076075,0.00076075
31,595.651,0.443,0.83818,0.98159,0.52888,0.0007525,0.0007525,0.0007525
32,614.193,0.44131,0.85368,0.98062,0.50103,0.00074425,0.00074425,0.00074425
33,633.209,0.44176,0.83818,0.98256,0.55449,0.000736,0.000736,0.000736
34,651.98,0.41403,0.85465,0.98256,0.43713,0.00072775,0.00072775,0.00072775
35,671.088,0.3951,0.8314,0.9845,0.64917,0.0007195,0.0007195,0.0007195
36,689.875,0.40851,0.86143,0.98934,0.45698,0.00071125,0.00071125,0.00071125
37,708.362,0.38258,0.86434,0.98547,0.51023,0.000703,0.000703,0.000703
38,727.117,0.38312,0.84399,0.97674,0.51146,0.00069475,0.00069475,0.00069475
39,745.718,0.38114,0.85078,0.98643,0.48037,0.0006865,0.0006865,0.0006865
40,764.27,0.37588,0.85368,0.97965,0.52561,0.00067825,0.00067825,0.00067825
41,783.343,0.37564,0.85853,0.98256,0.49418,0.00067,0.00067,0.00067
42,802.249,0.3725,0.86434,0.98062,0.51886,0.00066175,0.00066175,0.00066175
43,821.142,0.32425,0.86143,0.9874,0.50661,0.0006535,0.0006535,0.0006535
44,840.185,0.32036,0.85756,0.98643,0.58676,0.00064525,0.00064525,0.00064525
45,858.818,0.35184,0.8595,0.98159,0.50536,0.000637,0.000637,0.000637
46,877.658,0.3084,0.8624,0.98547,0.48972,0.00062875,0.00062875,0.00062875
47,896.539,0.3299,0.85368,0.98256,0.54993,0.0006205,0.0006205,0.0006205
48,915.06,0.31619,0.86628,0.98643,0.53253,0.00061225,0.00061225,0.00061225
49,934.142,0.30536,0.84981,0.9845,0.58283,0.000604,0.000604,0.000604
50,952.859,0.2963,0.85078,0.98256,0.58302,0.00059575,0.00059575,0.00059575
51,971.636,0.27659,0.86143,0.98934,0.47036,0.0005875,0.0005875,0.0005875
52,990.673,0.30792,0.84981,0.98934,0.51478,0.00057925,0.00057925,0.00057925
53,1009.42,0.26484,0.87112,0.98934,0.49459,0.000571,0.000571,0.000571
54,1028.61,0.25657,0.86725,0.98353,0.49446,0.00056275,0.00056275,0.00056275
55,1047.16,0.25496,0.86143,0.9874,0.5006,0.0005545,0.0005545,0.0005545
56,1065.97,0.26521,0.85853,0.9845,0.51119,0.00054625,0.00054625,0.00054625
57,1084.56,0.25542,0.86143,0.98159,0.62794,0.000538,0.000538,0.000538
58,1103.2,0.23447,0.87694,0.98062,0.56537,0.00052975,0.00052975,0.00052975
59,1121.86,0.22818,0.87016,0.98643,0.4846,0.0005215,0.0005215,0.0005215
60,1140.14,0.23931,0.87888,0.98159,0.45792,0.00051325,0.00051325,0.00051325
61,1158.91,0.2288,0.86337,0.98547,0.47337,0.000505,0.000505,0.000505
62,1177.84,0.22283,0.8595,0.9845,0.51485,0.00049675,0.00049675,0.00049675
63,1196.55,0.21759,0.86143,0.98643,0.48389,0.0004885,0.0004885,0.0004885
64,1215.07,0.21058,0.86822,0.98643,0.53069,0.00048025,0.00048025,0.00048025
65,1233.7,0.20821,0.875,0.9845,0.46143,0.000472,0.000472,0.000472
66,1252.84,0.20717,0.86919,0.97868,0.52179,0.00046375,0.00046375,0.00046375
67,1271.79,0.21144,0.87403,0.9845,0.50406,0.0004555,0.0004555,0.0004555
68,1291.11,0.19388,0.87112,0.98547,0.50089,0.00044725,0.00044725,0.00044725
69,1310.17,0.1806,0.88081,0.98256,0.46935,0.000439,0.000439,0.000439
70,1329.23,0.17386,0.87888,0.98159,0.48946,0.00043075,0.00043075,0.00043075
71,1348.01,0.17359,0.86628,0.9845,0.50354,0.0004225,0.0004225,0.0004225
72,1366.69,0.17668,0.8624,0.98547,0.51366,0.00041425,0.00041425,0.00041425
73,1385.71,0.15537,0.87016,0.99031,0.55579,0.000406,0.000406,0.000406
74,1404.13,0.16875,0.87791,0.98837,0.51136,0.00039775,0.00039775,0.00039775
75,1423.09,0.15721,0.87112,0.98837,0.48163,0.0003895,0.0003895,0.0003895
76,1441.46,0.15346,0.87209,0.98837,0.49867,0.00038125,0.00038125,0.00038125
77,1460.23,0.14454,0.87112,0.99031,0.48551,0.000373,0.000373,0.000373
78,1479.06,0.14584,0.87403,0.9874,0.52986,0.00036475,0.00036475,0.00036475
79,1497.84,0.15923,0.88372,0.98643,0.57114,0.0003565,0.0003565,0.0003565
80,1516.59,0.13034,0.87791,0.9845,0.50599,0.00034825,0.00034825,0.00034825
81,1535.45,0.1261,0.88081,0.98547,0.51917,0.00034,0.00034,0.00034
82,1554.08,0.12607,0.87209,0.98353,0.48873,0.00033175,0.00033175,0.00033175
83,1572.83,0.14477,0.87597,0.98256,0.53176,0.0003235,0.0003235,0.0003235
84,1591.96,0.13903,0.87888,0.98256,0.4932,0.00031525,0.00031525,0.00031525
85,1610.57,0.12231,0.87694,0.98643,0.51215,0.000307,0.000307,0.000307
86,1629.8,0.11938,0.87984,0.98837,0.47703,0.00029875,0.00029875,0.00029875
87,1648.57,0.12006,0.87694,0.98643,0.4803,0.0002905,0.0002905,0.0002905
88,1667.45,0.10693,0.87888,0.9845,0.53643,0.00028225,0.00028225,0.00028225
89,1686.27,0.10461,0.87597,0.98643,0.54833,0.000274,0.000274,0.000274
90,1705.02,0.10785,0.87888,0.98547,0.49311,0.00026575,0.00026575,0.00026575
91,1723.86,0.10633,0.87597,0.98837,0.49972,0.0002575,0.0002575,0.0002575
92,1742.62,0.10688,0.88178,0.98643,0.50297,0.00024925,0.00024925,0.00024925
93,1761.1,0.10268,0.88081,0.98643,0.51281,0.000241,0.000241,0.000241
94,1779.72,0.10413,0.88081,0.98837,0.49805,0.00023275,0.00023275,0.00023275
95,1798.66,0.08714,0.88081,0.98934,0.49586,0.0002245,0.0002245,0.0002245
96,1817.22,0.08596,0.88275,0.98643,0.53422,0.00021625,0.00021625,0.00021625
97,1836.16,0.09391,0.88081,0.98643,0.66006,0.000208,0.000208,0.000208
98,1854.74,0.0821,0.88372,0.9874,0.50322,0.00019975,0.00019975,0.00019975
99,1873.45,0.07748,0.88275,0.99031,0.50023,0.0001915,0.0001915,0.0001915
100,1892.4,0.07508,0.875,0.98547,0.49864,0.00018325,0.00018325,0.00018325
101,1911.03,0.08336,0.87888,0.98643,0.48592,0.000175,0.000175,0.000175
102,1929.95,0.07533,0.87694,0.98643,0.55569,0.00016675,0.00016675,0.00016675
103,1948.85,0.07515,0.8876,0.98837,0.48287,0.0001585,0.0001585,0.0001585
104,1967.69,0.07099,0.88663,0.98934,0.48345,0.00015025,0.00015025,0.00015025
105,1986.57,0.06527,0.88663,0.98837,0.53561,0.000142,0.000142,0.000142
106,2005.51,0.06625,0.88566,0.9874,0.52181,0.00013375,0.00013375,0.00013375
107,2024.18,0.06529,0.88566,0.98934,0.48102,0.0001255,0.0001255,0.0001255
108,2042.96,0.06556,0.88469,0.98934,0.51484,0.00011725,0.00011725,0.00011725
109,2061.74,0.06556,0.88372,0.98934,0.48395,0.000109,0.000109,0.000109
110,2080.34,0.06004,0.88566,0.98643,0.48832,0.00010075,0.00010075,0.00010075
111,2121.15,0.05562,0.88178,0.98547,0.54933,9.25e-05,9.25e-05,9.25e-05
112,2139.66,0.05832,0.88857,0.98643,0.50144,8.425e-05,8.425e-05,8.425e-05
113,2158.3,0.04694,0.8876,0.9874,0.5002,7.6e-05,7.6e-05,7.6e-05
114,2176.52,0.0517,0.88566,0.98643,0.49497,6.775e-05,6.775e-05,6.775e-05
115,2194.95,0.05795,0.88469,0.98643,0.48583,5.95e-05,5.95e-05,5.95e-05
116,2213.28,0.05934,0.88178,0.98643,0.4853,5.125e-05,5.125e-05,5.125e-05
117,2231.68,0.0477,0.88081,0.98643,0.50443,4.3e-05,4.3e-05,4.3e-05
118,2250.31,0.04531,0.88178,0.98547,0.4914,3.475e-05,3.475e-05,3.475e-05
119,2269.21,0.05158,0.88178,0.98547,0.59694,2.65e-05,2.65e-05,2.65e-05
120,2287.69,0.04626,0.88275,0.98547,0.49226,1.825e-05,1.825e-05,1.825e-05
